PRAGMA foreign_keys=OFF;
BEGIN TRANSACTION;
CREATE TABLE IF NOT EXISTS "django_migrations" ("id" integer NOT NULL PRIMARY KEY AUTOINCREMENT, "app" varchar(255) NOT NULL, "name" varchar(255) NOT NULL, "applied" datetime NOT NULL);
INSERT INTO django_migrations VALUES(1,'contenttypes','0001_initial','2024-07-28 19:21:43.988922');
INSERT INTO django_migrations VALUES(2,'auth','0001_initial','2024-07-28 19:21:44.037288');
INSERT INTO django_migrations VALUES(3,'admin','0001_initial','2024-07-28 19:21:44.065962');
INSERT INTO django_migrations VALUES(4,'admin','0002_logentry_remove_auto_add','2024-07-28 19:21:44.085807');
INSERT INTO django_migrations VALUES(5,'admin','0003_logentry_add_action_flag_choices','2024-07-28 19:21:44.108417');
INSERT INTO django_migrations VALUES(6,'contenttypes','0002_remove_content_type_name','2024-07-28 19:21:44.138303');
INSERT INTO django_migrations VALUES(7,'auth','0002_alter_permission_name_max_length','2024-07-28 19:21:44.161654');
INSERT INTO django_migrations VALUES(8,'auth','0003_alter_user_email_max_length','2024-07-28 19:21:44.182221');
INSERT INTO django_migrations VALUES(9,'auth','0004_alter_user_username_opts','2024-07-28 19:21:44.197351');
INSERT INTO django_migrations VALUES(10,'auth','0005_alter_user_last_login_null','2024-07-28 19:21:44.237505');
INSERT INTO django_migrations VALUES(11,'auth','0006_require_contenttypes_0002','2024-07-28 19:21:44.249374');
INSERT INTO django_migrations VALUES(12,'auth','0007_alter_validators_add_error_messages','2024-07-28 19:21:44.281227');
INSERT INTO django_migrations VALUES(13,'auth','0008_alter_user_username_max_length','2024-07-28 19:21:44.327519');
INSERT INTO django_migrations VALUES(14,'auth','0009_alter_user_last_name_max_length','2024-07-28 19:21:44.353341');
INSERT INTO django_migrations VALUES(15,'auth','0010_alter_group_name_max_length','2024-07-28 19:21:44.386274');
INSERT INTO django_migrations VALUES(16,'auth','0011_update_proxy_permissions','2024-07-28 19:21:44.401518');
INSERT INTO django_migrations VALUES(17,'auth','0012_alter_user_first_name_max_length','2024-07-28 19:21:44.429083');
INSERT INTO django_migrations VALUES(18,'geography','0001_initial','2024-07-28 19:21:44.462172');
INSERT INTO django_migrations VALUES(19,'sessions','0001_initial','2024-07-28 19:21:44.483682');
CREATE TABLE IF NOT EXISTS "auth_group_permissions" ("id" integer NOT NULL PRIMARY KEY AUTOINCREMENT, "group_id" integer NOT NULL REFERENCES "auth_group" ("id") DEFERRABLE INITIALLY DEFERRED, "permission_id" integer NOT NULL REFERENCES "auth_permission" ("id") DEFERRABLE INITIALLY DEFERRED);
CREATE TABLE IF NOT EXISTS "auth_user_groups" ("id" integer NOT NULL PRIMARY KEY AUTOINCREMENT, "user_id" integer NOT NULL REFERENCES "auth_user" ("id") DEFERRABLE INITIALLY DEFERRED, "group_id" integer NOT NULL REFERENCES "auth_group" ("id") DEFERRABLE INITIALLY DEFERRED);
CREATE TABLE IF NOT EXISTS "auth_user_user_permissions" ("id" integer NOT NULL PRIMARY KEY AUTOINCREMENT, "user_id" integer NOT NULL REFERENCES "auth_user" ("id") DEFERRABLE INITIALLY DEFERRED, "permission_id" integer NOT NULL REFERENCES "auth_permission" ("id") DEFERRABLE INITIALLY DEFERRED);
CREATE TABLE IF NOT EXISTS "django_admin_log" ("id" integer NOT NULL PRIMARY KEY AUTOINCREMENT, "action_time" datetime NOT NULL, "object_id" text NULL, "object_repr" varchar(200) NOT NULL, "change_message" text NOT NULL, "content_type_id" integer NULL REFERENCES "django_content_type" ("id") DEFERRABLE INITIALLY DEFERRED, "user_id" integer NOT NULL REFERENCES "auth_user" ("id") DEFERRABLE INITIALLY DEFERRED, "action_flag" smallint unsigned NOT NULL CHECK ("action_flag" >= 0));
CREATE TABLE IF NOT EXISTS "django_content_type" ("id" integer NOT NULL PRIMARY KEY AUTOINCREMENT, "app_label" varchar(100) NOT NULL, "model" varchar(100) NOT NULL);
INSERT INTO django_content_type VALUES(1,'admin','logentry');
INSERT INTO django_content_type VALUES(2,'auth','permission');
INSERT INTO django_content_type VALUES(3,'auth','group');
INSERT INTO django_content_type VALUES(4,'auth','user');
INSERT INTO django_content_type VALUES(5,'contenttypes','contenttype');
INSERT INTO django_content_type VALUES(6,'sessions','session');
INSERT INTO django_content_type VALUES(7,'geography','country');
INSERT INTO django_content_type VALUES(8,'geography','city');
CREATE TABLE IF NOT EXISTS "auth_permission" ("id" integer NOT NULL PRIMARY KEY AUTOINCREMENT, "content_type_id" integer NOT NULL REFERENCES "django_content_type" ("id") DEFERRABLE INITIALLY DEFERRED, "codename" varchar(100) NOT NULL, "name" varchar(255) NOT NULL);
INSERT INTO auth_permission VALUES(1,1,'add_logentry','Can add log entry');
INSERT INTO auth_permission VALUES(2,1,'change_logentry','Can change log entry');
INSERT INTO auth_permission VALUES(3,1,'delete_logentry','Can delete log entry');
INSERT INTO auth_permission VALUES(4,1,'view_logentry','Can view log entry');
INSERT INTO auth_permission VALUES(5,2,'add_permission','Can add permission');
INSERT INTO auth_permission VALUES(6,2,'change_permission','Can change permission');
INSERT INTO auth_permission VALUES(7,2,'delete_permission','Can delete permission');
INSERT INTO auth_permission VALUES(8,2,'view_permission','Can view permission');
INSERT INTO auth_permission VALUES(9,3,'add_group','Can add group');
INSERT INTO auth_permission VALUES(10,3,'change_group','Can change group');
INSERT INTO auth_permission VALUES(11,3,'delete_group','Can delete group');
INSERT INTO auth_permission VALUES(12,3,'view_group','Can view group');
INSERT INTO auth_permission VALUES(13,4,'add_user','Can add user');
INSERT INTO auth_permission VALUES(14,4,'change_user','Can change user');
INSERT INTO auth_permission VALUES(15,4,'delete_user','Can delete user');
INSERT INTO auth_permission VALUES(16,4,'view_user','Can view user');
INSERT INTO auth_permission VALUES(17,5,'add_contenttype','Can add content type');
INSERT INTO auth_permission VALUES(18,5,'change_contenttype','Can change content type');
INSERT INTO auth_permission VALUES(19,5,'delete_contenttype','Can delete content type');
INSERT INTO auth_permission VALUES(20,5,'view_contenttype','Can view content type');
INSERT INTO auth_permission VALUES(21,6,'add_session','Can add session');
INSERT INTO auth_permission VALUES(22,6,'change_session','Can change session');
INSERT INTO auth_permission VALUES(23,6,'delete_session','Can delete session');
INSERT INTO auth_permission VALUES(24,6,'view_session','Can view session');
INSERT INTO auth_permission VALUES(25,7,'add_country','Can add country');
INSERT INTO auth_permission VALUES(26,7,'change_country','Can change country');
INSERT INTO auth_permission VALUES(27,7,'delete_country','Can delete country');
INSERT INTO auth_permission VALUES(28,7,'view_country','Can view country');
INSERT INTO auth_permission VALUES(29,8,'add_city','Can add city');
INSERT INTO auth_permission VALUES(30,8,'change_city','Can change city');
INSERT INTO auth_permission VALUES(31,8,'delete_city','Can delete city');
INSERT INTO auth_permission VALUES(32,8,'view_city','Can view city');
CREATE TABLE IF NOT EXISTS "auth_group" ("id" integer NOT NULL PRIMARY KEY AUTOINCREMENT, "name" varchar(150) NOT NULL UNIQUE);
CREATE TABLE IF NOT EXISTS "auth_user" ("id" integer NOT NULL PRIMARY KEY AUTOINCREMENT, "password" varchar(128) NOT NULL, "last_login" datetime NULL, "is_superuser" bool NOT NULL, "username" varchar(150) NOT NULL UNIQUE, "last_name" varchar(150) NOT NULL, "email" varchar(254) NOT NULL, "is_staff" bool NOT NULL, "is_active" bool NOT NULL, "date_joined" datetime NOT NULL, "first_name" varchar(150) NOT NULL);
CREATE TABLE IF NOT EXISTS "geography_country" ("id" integer NOT NULL PRIMARY KEY AUTOINCREMENT, "name" varchar(100) NOT NULL);
INSERT INTO geography_country VALUES(1,'Andorra');
INSERT INTO geography_country VALUES(2,'United Arab Emirates');
INSERT INTO geography_country VALUES(3,'Afghanistan');
INSERT INTO geography_country VALUES(4,'Antigua and Barbuda');
INSERT INTO geography_country VALUES(5,'Anguilla');
INSERT INTO geography_country VALUES(6,'Albania');
INSERT INTO geography_country VALUES(7,'Armenia');
INSERT INTO geography_country VALUES(8,'Angola');
INSERT INTO geography_country VALUES(9,'Antarctica');
INSERT INTO geography_country VALUES(10,'Argentina');
INSERT INTO geography_country VALUES(11,'American Samoa');
INSERT INTO geography_country VALUES(12,'Austria');
INSERT INTO geography_country VALUES(13,'Australia');
INSERT INTO geography_country VALUES(14,'Aruba');
INSERT INTO geography_country VALUES(15,'Aland Islands');
INSERT INTO geography_country VALUES(16,'Azerbaijan');
INSERT INTO geography_country VALUES(17,'Bosnia and Herzegovina');
INSERT INTO geography_country VALUES(18,'Barbados');
INSERT INTO geography_country VALUES(19,'Bangladesh');
INSERT INTO geography_country VALUES(20,'Belgium');
INSERT INTO geography_country VALUES(21,'Burkina Faso');
INSERT INTO geography_country VALUES(22,'Bulgaria');
INSERT INTO geography_country VALUES(23,'Bahrain');
INSERT INTO geography_country VALUES(24,'Burundi');
INSERT INTO geography_country VALUES(25,'Benin');
INSERT INTO geography_country VALUES(26,'Saint Barthelemy');
INSERT INTO geography_country VALUES(27,'Bermuda');
INSERT INTO geography_country VALUES(28,'Brunei');
INSERT INTO geography_country VALUES(29,'Bolivia');
INSERT INTO geography_country VALUES(30,'Bonaire, Saint Eustatius and Saba ');
INSERT INTO geography_country VALUES(31,'Brazil');
INSERT INTO geography_country VALUES(32,'Bahamas');
INSERT INTO geography_country VALUES(33,'Bhutan');
INSERT INTO geography_country VALUES(34,'Bouvet Island');
INSERT INTO geography_country VALUES(35,'Botswana');
INSERT INTO geography_country VALUES(36,'Belarus');
INSERT INTO geography_country VALUES(37,'Belize');
INSERT INTO geography_country VALUES(38,'Canada');
INSERT INTO geography_country VALUES(39,'Cocos Islands');
INSERT INTO geography_country VALUES(40,'Democratic Republic of the Congo');
INSERT INTO geography_country VALUES(41,'Central African Republic');
INSERT INTO geography_country VALUES(42,'Republic of the Congo');
INSERT INTO geography_country VALUES(43,'Switzerland');
INSERT INTO geography_country VALUES(44,'Ivory Coast');
INSERT INTO geography_country VALUES(45,'Cook Islands');
INSERT INTO geography_country VALUES(46,'Chile');
INSERT INTO geography_country VALUES(47,'Cameroon');
INSERT INTO geography_country VALUES(48,'China');
INSERT INTO geography_country VALUES(49,'Colombia');
INSERT INTO geography_country VALUES(50,'Costa Rica');
INSERT INTO geography_country VALUES(51,'Cuba');
INSERT INTO geography_country VALUES(52,'Cabo Verde');
INSERT INTO geography_country VALUES(53,'Curacao');
INSERT INTO geography_country VALUES(54,'Christmas Island');
INSERT INTO geography_country VALUES(55,'Cyprus');
INSERT INTO geography_country VALUES(56,'Czechia');
INSERT INTO geography_country VALUES(57,'Germany');
INSERT INTO geography_country VALUES(58,'Djibouti');
INSERT INTO geography_country VALUES(59,'Denmark');
INSERT INTO geography_country VALUES(60,'Dominica');
INSERT INTO geography_country VALUES(61,'Dominican Republic');
INSERT INTO geography_country VALUES(62,'Algeria');
INSERT INTO geography_country VALUES(63,'Ecuador');
INSERT INTO geography_country VALUES(64,'Estonia');
INSERT INTO geography_country VALUES(65,'Egypt');
INSERT INTO geography_country VALUES(66,'Western Sahara');
INSERT INTO geography_country VALUES(67,'Eritrea');
INSERT INTO geography_country VALUES(68,'Spain');
INSERT INTO geography_country VALUES(69,'Ethiopia');
INSERT INTO geography_country VALUES(70,'Finland');
INSERT INTO geography_country VALUES(71,'Fiji');
INSERT INTO geography_country VALUES(72,'Falkland Islands');
INSERT INTO geography_country VALUES(73,'Micronesia');
INSERT INTO geography_country VALUES(74,'Faroe Islands');
INSERT INTO geography_country VALUES(75,'France');
INSERT INTO geography_country VALUES(76,'Gabon');
INSERT INTO geography_country VALUES(77,'United Kingdom');
INSERT INTO geography_country VALUES(78,'Grenada');
INSERT INTO geography_country VALUES(79,'Georgia');
INSERT INTO geography_country VALUES(80,'French Guiana');
INSERT INTO geography_country VALUES(81,'Guernsey');
INSERT INTO geography_country VALUES(82,'Ghana');
INSERT INTO geography_country VALUES(83,'Gibraltar');
INSERT INTO geography_country VALUES(84,'Greenland');
INSERT INTO geography_country VALUES(85,'Gambia');
INSERT INTO geography_country VALUES(86,'Guinea');
INSERT INTO geography_country VALUES(87,'Guadeloupe');
INSERT INTO geography_country VALUES(88,'Equatorial Guinea');
INSERT INTO geography_country VALUES(89,'Greece');
INSERT INTO geography_country VALUES(90,'South Georgia and the South Sandwich Islands');
INSERT INTO geography_country VALUES(91,'Guatemala');
INSERT INTO geography_country VALUES(92,'Guam');
INSERT INTO geography_country VALUES(93,'Guinea-Bissau');
INSERT INTO geography_country VALUES(94,'Guyana');
INSERT INTO geography_country VALUES(95,'Hong Kong');
INSERT INTO geography_country VALUES(96,'Heard Island and McDonald Islands');
INSERT INTO geography_country VALUES(97,'Honduras');
INSERT INTO geography_country VALUES(98,'Croatia');
INSERT INTO geography_country VALUES(99,'Haiti');
INSERT INTO geography_country VALUES(100,'Hungary');
INSERT INTO geography_country VALUES(101,'Indonesia');
INSERT INTO geography_country VALUES(102,'Ireland');
INSERT INTO geography_country VALUES(103,'Israel');
INSERT INTO geography_country VALUES(104,'Isle of Man');
INSERT INTO geography_country VALUES(105,'India');
INSERT INTO geography_country VALUES(106,'British Indian Ocean Territory');
INSERT INTO geography_country VALUES(107,'Iraq');
INSERT INTO geography_country VALUES(108,'Iran');
INSERT INTO geography_country VALUES(109,'Iceland');
INSERT INTO geography_country VALUES(110,'Italy');
INSERT INTO geography_country VALUES(111,'Jersey');
INSERT INTO geography_country VALUES(112,'Jamaica');
INSERT INTO geography_country VALUES(113,'Jordan');
INSERT INTO geography_country VALUES(114,'Japan');
INSERT INTO geography_country VALUES(115,'Kenya');
INSERT INTO geography_country VALUES(116,'Kyrgyzstan');
INSERT INTO geography_country VALUES(117,'Cambodia');
INSERT INTO geography_country VALUES(118,'Kiribati');
INSERT INTO geography_country VALUES(119,'Comoros');
INSERT INTO geography_country VALUES(120,'Saint Kitts and Nevis');
INSERT INTO geography_country VALUES(121,'North Korea');
INSERT INTO geography_country VALUES(122,'South Korea');
INSERT INTO geography_country VALUES(123,'Kosovo');
INSERT INTO geography_country VALUES(124,'Kuwait');
INSERT INTO geography_country VALUES(125,'Cayman Islands');
INSERT INTO geography_country VALUES(126,'Kazakhstan');
INSERT INTO geography_country VALUES(127,'Laos');
INSERT INTO geography_country VALUES(128,'Lebanon');
INSERT INTO geography_country VALUES(129,'Saint Lucia');
INSERT INTO geography_country VALUES(130,'Liechtenstein');
INSERT INTO geography_country VALUES(131,'Sri Lanka');
INSERT INTO geography_country VALUES(132,'Liberia');
INSERT INTO geography_country VALUES(133,'Lesotho');
INSERT INTO geography_country VALUES(134,'Lithuania');
INSERT INTO geography_country VALUES(135,'Luxembourg');
INSERT INTO geography_country VALUES(136,'Latvia');
INSERT INTO geography_country VALUES(137,'Libya');
INSERT INTO geography_country VALUES(138,'Morocco');
INSERT INTO geography_country VALUES(139,'Monaco');
INSERT INTO geography_country VALUES(140,'Moldova');
INSERT INTO geography_country VALUES(141,'Montenegro');
INSERT INTO geography_country VALUES(142,'Saint Martin');
INSERT INTO geography_country VALUES(143,'Madagascar');
INSERT INTO geography_country VALUES(144,'Marshall Islands');
INSERT INTO geography_country VALUES(145,'North Macedonia');
INSERT INTO geography_country VALUES(146,'Mali');
INSERT INTO geography_country VALUES(147,'Myanmar');
INSERT INTO geography_country VALUES(148,'Mongolia');
INSERT INTO geography_country VALUES(149,'Macao');
INSERT INTO geography_country VALUES(150,'Northern Mariana Islands');
INSERT INTO geography_country VALUES(151,'Martinique');
INSERT INTO geography_country VALUES(152,'Mauritania');
INSERT INTO geography_country VALUES(153,'Montserrat');
INSERT INTO geography_country VALUES(154,'Malta');
INSERT INTO geography_country VALUES(155,'Mauritius');
INSERT INTO geography_country VALUES(156,'Maldives');
INSERT INTO geography_country VALUES(157,'Malawi');
INSERT INTO geography_country VALUES(158,'Mexico');
INSERT INTO geography_country VALUES(159,'Malaysia');
INSERT INTO geography_country VALUES(160,'Mozambique');
INSERT INTO geography_country VALUES(161,'Namibia');
INSERT INTO geography_country VALUES(162,'New Caledonia');
INSERT INTO geography_country VALUES(163,'Niger');
INSERT INTO geography_country VALUES(164,'Norfolk Island');
INSERT INTO geography_country VALUES(165,'Nigeria');
INSERT INTO geography_country VALUES(166,'Nicaragua');
INSERT INTO geography_country VALUES(167,'The Netherlands');
INSERT INTO geography_country VALUES(168,'Norway');
INSERT INTO geography_country VALUES(169,'Nepal');
INSERT INTO geography_country VALUES(170,'Nauru');
INSERT INTO geography_country VALUES(171,'Niue');
INSERT INTO geography_country VALUES(172,'New Zealand');
INSERT INTO geography_country VALUES(173,'Oman');
INSERT INTO geography_country VALUES(174,'Panama');
INSERT INTO geography_country VALUES(175,'Peru');
INSERT INTO geography_country VALUES(176,'French Polynesia');
INSERT INTO geography_country VALUES(177,'Papua New Guinea');
INSERT INTO geography_country VALUES(178,'Philippines');
INSERT INTO geography_country VALUES(179,'Pakistan');
INSERT INTO geography_country VALUES(180,'Poland');
INSERT INTO geography_country VALUES(181,'Saint Pierre and Miquelon');
INSERT INTO geography_country VALUES(182,'Pitcairn');
INSERT INTO geography_country VALUES(183,'Puerto Rico');
INSERT INTO geography_country VALUES(184,'Palestinian Territory');
INSERT INTO geography_country VALUES(185,'Portugal');
INSERT INTO geography_country VALUES(186,'Palau');
INSERT INTO geography_country VALUES(187,'Paraguay');
INSERT INTO geography_country VALUES(188,'Qatar');
INSERT INTO geography_country VALUES(189,'Reunion');
INSERT INTO geography_country VALUES(190,'Romania');
INSERT INTO geography_country VALUES(191,'Serbia');
INSERT INTO geography_country VALUES(192,'Russia');
INSERT INTO geography_country VALUES(193,'Rwanda');
INSERT INTO geography_country VALUES(194,'Saudi Arabia');
INSERT INTO geography_country VALUES(195,'Solomon Islands');
INSERT INTO geography_country VALUES(196,'Seychelles');
INSERT INTO geography_country VALUES(197,'Sudan');
INSERT INTO geography_country VALUES(198,'South Sudan');
INSERT INTO geography_country VALUES(199,'Sweden');
INSERT INTO geography_country VALUES(200,'Singapore');
INSERT INTO geography_country VALUES(201,'Saint Helena');
INSERT INTO geography_country VALUES(202,'Slovenia');
INSERT INTO geography_country VALUES(203,'Svalbard and Jan Mayen');
INSERT INTO geography_country VALUES(204,'Slovakia');
INSERT INTO geography_country VALUES(205,'Sierra Leone');
INSERT INTO geography_country VALUES(206,'San Marino');
INSERT INTO geography_country VALUES(207,'Senegal');
INSERT INTO geography_country VALUES(208,'Somalia');
INSERT INTO geography_country VALUES(209,'Suriname');
INSERT INTO geography_country VALUES(210,'Sao Tome and Principe');
INSERT INTO geography_country VALUES(211,'El Salvador');
INSERT INTO geography_country VALUES(212,'Sint Maarten');
INSERT INTO geography_country VALUES(213,'Syria');
INSERT INTO geography_country VALUES(214,'Eswatini');
INSERT INTO geography_country VALUES(215,'Turks and Caicos Islands');
INSERT INTO geography_country VALUES(216,'Chad');
INSERT INTO geography_country VALUES(217,'French Southern Territories');
INSERT INTO geography_country VALUES(218,'Togo');
INSERT INTO geography_country VALUES(219,'Thailand');
INSERT INTO geography_country VALUES(220,'Tajikistan');
INSERT INTO geography_country VALUES(221,'Tokelau');
INSERT INTO geography_country VALUES(222,'Timor Leste');
INSERT INTO geography_country VALUES(223,'Turkmenistan');
INSERT INTO geography_country VALUES(224,'Tunisia');
INSERT INTO geography_country VALUES(225,'Tonga');
INSERT INTO geography_country VALUES(226,'Turkey');
INSERT INTO geography_country VALUES(227,'Trinidad and Tobago');
INSERT INTO geography_country VALUES(228,'Tuvalu');
INSERT INTO geography_country VALUES(229,'Taiwan');
INSERT INTO geography_country VALUES(230,'Tanzania');
INSERT INTO geography_country VALUES(231,'Ukraine');
INSERT INTO geography_country VALUES(232,'Uganda');
INSERT INTO geography_country VALUES(233,'United States Minor Outlying Islands');
INSERT INTO geography_country VALUES(234,'United States');
INSERT INTO geography_country VALUES(235,'Uruguay');
INSERT INTO geography_country VALUES(236,'Uzbekistan');
INSERT INTO geography_country VALUES(237,'Vatican');
INSERT INTO geography_country VALUES(238,'Saint Vincent and the Grenadines');
INSERT INTO geography_country VALUES(239,'Venezuela');
INSERT INTO geography_country VALUES(240,'British Virgin Islands');
INSERT INTO geography_country VALUES(241,'U.S. Virgin Islands');
INSERT INTO geography_country VALUES(242,'Vietnam');
INSERT INTO geography_country VALUES(243,'Vanuatu');
INSERT INTO geography_country VALUES(244,'Wallis and Futuna');
INSERT INTO geography_country VALUES(245,'Samoa');
INSERT INTO geography_country VALUES(246,'Yemen');
INSERT INTO geography_country VALUES(247,'Mayotte');
INSERT INTO geography_country VALUES(248,'South Africa');
INSERT INTO geography_country VALUES(249,'Zambia');
INSERT INTO geography_country VALUES(250,'Zimbabwe');
INSERT INTO geography_country VALUES(251,'Serbia and Montenegro');
INSERT INTO geography_country VALUES(252,'Netherlands Antilles');
CREATE TABLE IF NOT EXISTS "geography_city" ("id" integer NOT NULL PRIMARY KEY AUTOINCREMENT, "name" varchar(100) NOT NULL, "country_id" bigint NOT NULL REFERENCES "geography_country" ("id") DEFERRABLE INITIALLY DEFERRED);
CREATE TABLE IF NOT EXISTS "django_session" ("session_key" varchar(40) NOT NULL PRIMARY KEY, "session_data" text NOT NULL, "expire_date" datetime NOT NULL);
DELETE FROM sqlite_sequence;
INSERT INTO sqlite_sequence VALUES('django_migrations',19);
INSERT INTO sqlite_sequence VALUES('django_admin_log',0);
INSERT INTO sqlite_sequence VALUES('django_content_type',8);
INSERT INTO sqlite_sequence VALUES('auth_permission',32);
INSERT INTO sqlite_sequence VALUES('auth_group',0);
INSERT INTO sqlite_sequence VALUES('auth_user',0);
INSERT INTO sqlite_sequence VALUES('geography_country',252);
CREATE UNIQUE INDEX "auth_group_permissions_group_id_permission_id_0cd325b0_uniq" ON "auth_group_permissions" ("group_id", "permission_id");
CREATE INDEX "auth_group_permissions_group_id_b120cbf9" ON "auth_group_permissions" ("group_id");
CREATE INDEX "auth_group_permissions_permission_id_84c5c92e" ON "auth_group_permissions" ("permission_id");
CREATE UNIQUE INDEX "auth_user_groups_user_id_group_id_94350c0c_uniq" ON "auth_user_groups" ("user_id", "group_id");
CREATE INDEX "auth_user_groups_user_id_6a12ed8b" ON "auth_user_groups" ("user_id");
CREATE INDEX "auth_user_groups_group_id_97559544" ON "auth_user_groups" ("group_id");
CREATE UNIQUE INDEX "auth_user_user_permissions_user_id_permission_id_14a6b632_uniq" ON "auth_user_user_permissions" ("user_id", "permission_id");
CREATE INDEX "auth_user_user_permissions_user_id_a95ead1b" ON "auth_user_user_permissions" ("user_id");
CREATE INDEX "auth_user_user_permissions_permission_id_1fbb5f2c" ON "auth_user_user_permissions" ("permission_id");
CREATE INDEX "django_admin_log_content_type_id_c4bce8eb" ON "django_admin_log" ("content_type_id");
CREATE INDEX "django_admin_log_user_id_c564eba6" ON "django_admin_log" ("user_id");
CREATE UNIQUE INDEX "django_content_type_app_label_model_76bd3d3b_uniq" ON "django_content_type" ("app_label", "model");
CREATE UNIQUE INDEX "auth_permission_content_type_id_codename_01ab375a_uniq" ON "auth_permission" ("content_type_id", "codename");
CREATE INDEX "auth_permission_content_type_id_2f476e4b" ON "auth_permission" ("content_type_id");
CREATE INDEX "geography_city_country_id_ddd2d6e7" ON "geography_city" ("country_id");
CREATE INDEX "django_session_expire_date_a5c62663" ON "django_session" ("expire_date");
COMMIT;
